{"head": {"x": 0.3719047009944916, "y": 0.7296854853630066, "z": -1.456451654434204, "visibility": 0.9900121688842773}, "left_shoulder": {"x": 0.7419988512992859, "y": 0.6977599859237671, "z": -0.9786275029182434, "visibility": 0.9957857728004456}, "right_shoulder": {"x": 0.29906734824180603, "y": 0.6888933777809143, "z": -0.3315884470939636, "visibility": 0.9983997344970703}, "left_elbow": {"x": 1.071709394454956, "y": 0.8927273154258728, "z": -1.296752691268921, "visibility": 0.9718540906906128}, "right_elbow": {"x": 0.01354358159005642, "y": 0.880299985408783, "z": -0.05007147043943405, "visibility": 0.964687168598175}, "left_wrist": {"x": 0.7402995228767395, "y": 0.6649101972579956, "z": -0.9687554240226746, "visibility": 0.8283259868621826}, "right_wrist": {"x": 0.2288280427455902, "y": 0.5705225467681885, "z": 0.5143571496009827, "visibility": 0.5929701924324036}, "left_hip": {"x": 0.7274852395057678, "y": 1.5742133855819702, "z": -0.27030542492866516, "visibility": 0.028930624946951866}, "right_hip": {"x": 0.4175547957420349, "y": 1.5550373792648315, "z": 0.2748962342739105, "visibility": 0.023682601749897003}, "left_knee": {"x": 0.6986726522445679, "y": 2.313416004180908, "z": -0.01558395754545927, "visibility": 0.023147374391555786}, "right_knee": {"x": 0.40636926889419556, "y": 2.2959067821502686, "z": 0.8155921697616577, "visibility": 0.013413249514997005}, "left_ankle": {"x": 0.708374559879303, "y": 2.9505913257598877, "z": 0.7506684064865112, "visibility": 0.0006813069339841604}, "right_ankle": {"x": 0.421099990606308, "y": 2.9569411277770996, "z": 1.5739842653274536, "visibility": 0.0005087413592264056}}